{
  "loss": 0.25111109018325806,
  "accuracy": 0.9075624942779541,
  "val_loss": 0.30845317244529724,
  "val_accuracy": 0.890749990940094,
  "epoch": 8,
  "global_step": 13500
}