{
  "loss": 0.1953708976507187,
  "accuracy": 0.9283333420753479,
  "val_loss": 0.2455754429101944,
  "val_accuracy": 0.9114166498184204,
  "epoch": 4,
  "global_step": 7500
}